path	verdict	reason
.github/workflows/ac-bucket-acl-cron.yml	DESCARTAR	one of 54 workflow files swept in by git add -A from a base 4 weeks stale (+2208/-233); 3 of the 4 'added' ones already exist on main, so merging three-way-reverts later CI work
.github/workflows/actionlint.yml	DESCARTAR	one of 54 workflow files swept in by git add -A from a base 4 weeks stale (+2208/-233); 3 of the 4 'added' ones already exist on main, so merging three-way-reverts later CI work
.github/workflows/admin-ui-ci.yml	DESCARTAR	one of 54 workflow files swept in by git add -A from a base 4 weeks stale (+2208/-233); 3 of the 4 'added' ones already exist on main, so merging three-way-reverts later CI work
.github/workflows/admin-ui-deploy.yml	DESCARTAR	one of 54 workflow files swept in by git add -A from a base 4 weeks stale (+2208/-233); 3 of the 4 'added' ones already exist on main, so merging three-way-reverts later CI work
.github/workflows/api-reference-sync.yml	DESCARTAR	one of 54 workflow files swept in by git add -A from a base 4 weeks stale (+2208/-233); 3 of the 4 'added' ones already exist on main, so merging three-way-reverts later CI work
.github/workflows/billing-aggregate-runner.yml	DESCARTAR	one of 54 workflow files swept in by git add -A from a base 4 weeks stale (+2208/-233); 3 of the 4 'added' ones already exist on main, so merging three-way-reverts later CI work
.github/workflows/billing-reconcile-daily.yml	DESCARTAR	one of 54 workflow files swept in by git add -A from a base 4 weeks stale (+2208/-233); 3 of the 4 'added' ones already exist on main, so merging three-way-reverts later CI work
.github/workflows/cargo-audit.yml	DESCARTAR	one of 54 workflow files swept in by git add -A from a base 4 weeks stale (+2208/-233); 3 of the 4 'added' ones already exist on main, so merging three-way-reverts later CI work
.github/workflows/cargo-cache-latency-probe.yml	ARQUIVAR	the ONE genuinely-new workflow of the four added (113 lines, absent from origin/main). The blanket workflow reason — 'already exists on main, so merging three-way-reverts later CI work' — is exactly the argument that does NOT apply here.
.github/workflows/cargo-deny.yml	DESCARTAR	one of 54 workflow files swept in by git add -A from a base 4 weeks stale (+2208/-233); 3 of the 4 'added' ones already exist on main, so merging three-way-reverts later CI work
.github/workflows/cas_foundation.yml	DESCARTAR	one of 54 workflow files swept in by git add -A from a base 4 weeks stale (+2208/-233); 3 of the 4 'added' ones already exist on main, so merging three-way-reverts later CI work
.github/workflows/cf-deploy-prod.yml	DESCARTAR	one of 54 workflow files swept in by git add -A from a base 4 weeks stale (+2208/-233); 3 of the 4 'added' ones already exist on main, so merging three-way-reverts later CI work
.github/workflows/compliance-weekly.yml	DESCARTAR	one of 54 workflow files swept in by git add -A from a base 4 weeks stale (+2208/-233); 3 of the 4 'added' ones already exist on main, so merging three-way-reverts later CI work
.github/workflows/container-build-push-prod.yml	DESCARTAR	one of 54 workflow files swept in by git add -A from a base 4 weeks stale (+2208/-233); 3 of the 4 'added' ones already exist on main, so merging three-way-reverts later CI work
.github/workflows/corelink-adapter-host.yml	DESCARTAR	one of 54 workflow files swept in by git add -A from a base 4 weeks stale (+2208/-233); 3 of the 4 'added' ones already exist on main, so merging three-way-reverts later CI work
.github/workflows/corelink-client-verify.yml	DESCARTAR	one of 54 workflow files swept in by git add -A from a base 4 weeks stale (+2208/-233); 3 of the 4 'added' ones already exist on main, so merging three-way-reverts later CI work
.github/workflows/corelink-hash.yml	DESCARTAR	one of 54 workflow files swept in by git add -A from a base 4 weeks stale (+2208/-233); 3 of the 4 'added' ones already exist on main, so merging three-way-reverts later CI work
.github/workflows/corelink-meta.yml	DESCARTAR	one of 54 workflow files swept in by git add -A from a base 4 weeks stale (+2208/-233); 3 of the 4 'added' ones already exist on main, so merging three-way-reverts later CI work
.github/workflows/corelink-reapi.yml	DESCARTAR	one of 54 workflow files swept in by git add -A from a base 4 weeks stale (+2208/-233); 3 of the 4 'added' ones already exist on main, so merging three-way-reverts later CI work
.github/workflows/corelink-server.yml	DESCARTAR	one of 54 workflow files swept in by git add -A from a base 4 weeks stale (+2208/-233); 3 of the 4 'added' ones already exist on main, so merging three-way-reverts later CI work
.github/workflows/corelink-worker.yml	DESCARTAR	one of 54 workflow files swept in by git add -A from a base 4 weeks stale (+2208/-233); 3 of the 4 'added' ones already exist on main, so merging three-way-reverts later CI work
.github/workflows/cosign-sign.yml	DESCARTAR	one of 54 workflow files swept in by git add -A from a base 4 weeks stale (+2208/-233); 3 of the 4 'added' ones already exist on main, so merging three-way-reverts later CI work
.github/workflows/coverage.yml	DESCARTAR	one of 54 workflow files swept in by git add -A from a base 4 weeks stale (+2208/-233); 3 of the 4 'added' ones already exist on main, so merging three-way-reverts later CI work
.github/workflows/d1-migration-validate.yml	DESCARTAR	one of 54 workflow files swept in by git add -A from a base 4 weeks stale (+2208/-233); 3 of the 4 'added' ones already exist on main, so merging three-way-reverts later CI work
.github/workflows/dependabot-auto-merge.yml	DESCARTAR	one of 54 workflow files swept in by git add -A from a base 4 weeks stale (+2208/-233); 3 of the 4 'added' ones already exist on main, so merging three-way-reverts later CI work
.github/workflows/docs-ci.yml	DESCARTAR	one of 54 workflow files swept in by git add -A from a base 4 weeks stale (+2208/-233); 3 of the 4 'added' ones already exist on main, so merging three-way-reverts later CI work
.github/workflows/docs-deploy.yml	DESCARTAR	one of 54 workflow files swept in by git add -A from a base 4 weeks stale (+2208/-233); 3 of the 4 'added' ones already exist on main, so merging three-way-reverts later CI work
.github/workflows/docs-vale.yml	DESCARTAR	one of 54 workflow files swept in by git add -A from a base 4 weeks stale (+2208/-233); 3 of the 4 'added' ones already exist on main, so merging three-way-reverts later CI work
.github/workflows/dpa-legal-review.yml	DESCARTAR	one of 54 workflow files swept in by git add -A from a base 4 weeks stale (+2208/-233); 3 of the 4 'added' ones already exist on main, so merging three-way-reverts later CI work
.github/workflows/gc-sweep-dry-run.yml	DESCARTAR	one of 54 workflow files swept in by git add -A from a base 4 weeks stale (+2208/-233); 3 of the 4 'added' ones already exist on main, so merging three-way-reverts later CI work
.github/workflows/legal-changes-review.yml	DESCARTAR	one of 54 workflow files swept in by git add -A from a base 4 weeks stale (+2208/-233); 3 of the 4 'added' ones already exist on main, so merging three-way-reverts later CI work
.github/workflows/lockfile-diff.yml	DESCARTAR	one of 54 workflow files swept in by git add -A from a base 4 weeks stale (+2208/-233); 3 of the 4 'added' ones already exist on main, so merging three-way-reverts later CI work
.github/workflows/mutation-pr.yml	DESCARTAR	one of 54 workflow files swept in by git add -A from a base 4 weeks stale (+2208/-233); 3 of the 4 'added' ones already exist on main, so merging three-way-reverts later CI work
.github/workflows/okf_nightly.yml	DESCARTAR	one of 54 workflow files swept in by git add -A from a base 4 weeks stale (+2208/-233); 3 of the 4 'added' ones already exist on main, so merging three-way-reverts later CI work
.github/workflows/okf_wiki.yml	DESCARTAR	one of 54 workflow files swept in by git add -A from a base 4 weeks stale (+2208/-233); 3 of the 4 'added' ones already exist on main, so merging three-way-reverts later CI work
.github/workflows/openapi-validate.yml	DESCARTAR	one of 54 workflow files swept in by git add -A from a base 4 weeks stale (+2208/-233); 3 of the 4 'added' ones already exist on main, so merging three-way-reverts later CI work
.github/workflows/pentest-findings-sync.yml	DESCARTAR	one of 54 workflow files swept in by git add -A from a base 4 weeks stale (+2208/-233); 3 of the 4 'added' ones already exist on main, so merging three-way-reverts later CI work
.github/workflows/perf-nightly.yml	DESCARTAR	one of 54 workflow files swept in by git add -A from a base 4 weeks stale (+2208/-233); 3 of the 4 'added' ones already exist on main, so merging three-way-reverts later CI work
.github/workflows/perf-regression.yml	DESCARTAR	one of 54 workflow files swept in by git add -A from a base 4 weeks stale (+2208/-233); 3 of the 4 'added' ones already exist on main, so merging three-way-reverts later CI work
.github/workflows/pr-labels.yml	DESCARTAR	one of 54 workflow files swept in by git add -A from a base 4 weeks stale (+2208/-233); 3 of the 4 'added' ones already exist on main, so merging three-way-reverts later CI work
.github/workflows/region_pinning.yml	DESCARTAR	one of 54 workflow files swept in by git add -A from a base 4 weeks stale (+2208/-233); 3 of the 4 'added' ones already exist on main, so merging three-way-reverts later CI work
.github/workflows/release-notes.yml	DESCARTAR	one of 54 workflow files swept in by git add -A from a base 4 weeks stale (+2208/-233); 3 of the 4 'added' ones already exist on main, so merging three-way-reverts later CI work
.github/workflows/reproducible-build.yml	DESCARTAR	one of 54 workflow files swept in by git add -A from a base 4 weeks stale (+2208/-233); 3 of the 4 'added' ones already exist on main, so merging three-way-reverts later CI work
.github/workflows/rustfmt.yml	DESCARTAR	one of 54 workflow files swept in by git add -A from a base 4 weeks stale (+2208/-233); 3 of the 4 'added' ones already exist on main, so merging three-way-reverts later CI work
.github/workflows/sbom-consolidated.yml	DESCARTAR	one of 54 workflow files swept in by git add -A from a base 4 weeks stale (+2208/-233); 3 of the 4 'added' ones already exist on main, so merging three-way-reverts later CI work
.github/workflows/sdks-js.yml	DESCARTAR	one of 54 workflow files swept in by git add -A from a base 4 weeks stale (+2208/-233); 3 of the 4 'added' ones already exist on main, so merging three-way-reverts later CI work
.github/workflows/semgrep.yml	DESCARTAR	one of 54 workflow files swept in by git add -A from a base 4 weeks stale (+2208/-233); 3 of the 4 'added' ones already exist on main, so merging three-way-reverts later CI work
.github/workflows/signup-worker-deploy.yml	DESCARTAR	one of 54 workflow files swept in by git add -A from a base 4 weeks stale (+2208/-233); 3 of the 4 'added' ones already exist on main, so merging three-way-reverts later CI work
.github/workflows/signup-worker-vitest.yml	DESCARTAR	one of 54 workflow files swept in by git add -A from a base 4 weeks stale (+2208/-233); 3 of the 4 'added' ones already exist on main, so merging three-way-reverts later CI work
.github/workflows/tenant-path.yml	DESCARTAR	one of 54 workflow files swept in by git add -A from a base 4 weeks stale (+2208/-233); 3 of the 4 'added' ones already exist on main, so merging three-way-reverts later CI work
.github/workflows/terraform-lint.yml	DESCARTAR	one of 54 workflow files swept in by git add -A from a base 4 weeks stale (+2208/-233); 3 of the 4 'added' ones already exist on main, so merging three-way-reverts later CI work
.github/workflows/translation-import-validate.yml	DESCARTAR	one of 54 workflow files swept in by git add -A from a base 4 weeks stale (+2208/-233); 3 of the 4 'added' ones already exist on main, so merging three-way-reverts later CI work
.github/workflows/trivy.yml	DESCARTAR	one of 54 workflow files swept in by git add -A from a base 4 weeks stale (+2208/-233); 3 of the 4 'added' ones already exist on main, so merging three-way-reverts later CI work
.github/workflows/worker-vitest.yml	DESCARTAR	one of 54 workflow files swept in by git add -A from a base 4 weeks stale (+2208/-233); 3 of the 4 'added' ones already exist on main, so merging three-way-reverts later CI work
CHANGELOG.md	DESCARTAR	carries the 0a5e3349 quarantine entry, and the repo moved to changelog.d/ fragments; re-author a fragment for whatever is re-cut
Cargo.lock	DESCARTAR	one line, the corelink-gc entry for the dependency above; meaningless without the archived gc_worker/
Dockerfile	DESCARTAR	flips the shipped container build to the byok-aws-real feature, which is REAL and declared (crates/corelink-container/Cargo.toml:35, implemented across 10 files on main) — not a nonsense flag. It is a genuine behavioural change to the prod image and needs its own reviewed PR, not a hunk riding the quarantined 0a5e3349.
REMEDIATION_PLAN.md	DESCARTAR	commit 0a5e3349: the quarantine plan itself; verified absent from origin/main, so merging would publish it for the first time
apps/admin-ui/src/app/[locale]/(authenticated)/customer/devenv/page.tsx	SALVAR	15-line page shell wrapping DevenvClient in CustomerGuard; no logic, no risk
apps/admin-ui/src/app/llms.txt/route.ts	SALVAR	LOTE SEPARADO — NÃO entra no re-corte do devenv. same redirect family; unrelated to devenv — own PR | Sai em PR próprio de basePath/pricing: salvar isto dentro de um PR intitulado 'devenv' faz com que um redirect voltado ao cliente seja revisado por quem está olhando outra coisa. São 106 das 942 linhas salváveis (11%) e nenhuma é a feature.
apps/admin-ui/src/app/pricing.txt/route.ts	SALVAR	LOTE SEPARADO — NÃO entra no re-corte do devenv. same redirect family; unrelated to devenv — own PR | Sai em PR próprio de basePath/pricing: salvar isto dentro de um PR intitulado 'devenv' faz com que um redirect voltado ao cliente seja revisado por quem está olhando outra coisa. São 106 das 942 linhas salváveis (11%) e nenhuma é a feature.
apps/admin-ui/src/app/pricing/route.ts	SALVAR	LOTE SEPARADO — NÃO entra no re-corte do devenv. 307 redirect to humangr.com/corelink/pricing; unrelated to devenv, no collision on main — own PR | Sai em PR próprio de basePath/pricing: salvar isto dentro de um PR intitulado 'devenv' faz com que um redirect voltado ao cliente seja revisado por quem está olhando outra coisa. São 106 das 942 linhas salváveis (11%) e nenhuma é a feature.
apps/admin-ui/src/components/customer/CustomerNav.tsx	SALVAR	one nav entry; keep it behind a flag until the route actually answers, or the dashboard links to a 404
apps/admin-ui/src/components/customer/DevenvClient.tsx	SALVAR	the dashboard component, but its three connect buttons HARDCODE window.open('http://localhost:8080'/':7681'/':6080') instead of the vnc_url/tty_url/code_url the PR's own OpenAPI declares required
apps/admin-ui/src/components/ui/Checkbox.test.tsx	DESCARTAR	downgrades userEvent.click to fireEvent.click, weakening the assertion; unrelated to devenv
apps/admin-ui/src/lib/customer-client.ts	SALVAR	the four DevEnv client methods (list/get/create/stop) against /v1/customer/devenv; clean and self-contained
apps/admin-ui/src/lib/customer-types.ts	SALVAR	CustomerDevenv/CreateDevenvRequest types, but they OMIT vnc_url/tty_url/code_url — this omission is the root cause of the hardcoded localhost in DevenvClient.tsx
apps/admin-ui/src/lib/e2e-mock-fixtures.ts	DESCARTAR	adds a GET /v1/customer/devenv fixture that always returns 200 with ports but no vnc_url/tty_url/code_url; makes e2e green against a route that does not exist
apps/admin-ui/src/lib/public-url.ts	SALVAR	LOTE SEPARADO — NÃO entra no re-corte do devenv. 12-line corelinkPath/corelinkUrl basePath helper; unrelated to devenv but correct and self-contained — re-cut as its own PR | Sai em PR próprio de basePath/pricing: salvar isto dentro de um PR intitulado 'devenv' faz com que um redirect voltado ao cliente seja revisado por quem está olhando outra coisa. São 106 das 942 linhas salváveis (11%) e nenhuma é a feature.
apps/admin-ui/tests/analytics.test.ts	DESCARTAR	commit ea5c4696 rewrote it 'to match actual module behavior' — a test fitted to the code is the bug-as-contract pattern, and it is unrelated to devenv
apps/admin-ui/tests/devenv-client.test.tsx	DESCARTAR	mocks use-customer-client wholesale, so it asserts against fixtures rather than the client. DISCARD AND REPLACE: DevenvClient.tsx and customer-client.ts are both SALVAR and would ship with zero coverage — the re-cut owes a test that drives the real client.
apps/admin-ui/tests/pricing-page.test.tsx	SALVAR	LOTE SEPARADO — NÃO entra no re-corte do devenv. real test, zero vi.mock/vi.fn occurrences; travels with the redirect PR | Sai em PR próprio de basePath/pricing: salvar isto dentro de um PR intitulado 'devenv' faz com que um redirect voltado ao cliente seja revisado por quem está olhando outra coisa. São 106 das 942 linhas salváveis (11%) e nenhuma é a feature.
apps/admin-ui/tests/pricing-routes.test.ts	SALVAR	LOTE SEPARADO — NÃO entra no re-corte do devenv. real test, zero vi.mock/vi.fn occurrences; travels with the redirect PR | Sai em PR próprio de basePath/pricing: salvar isto dentro de um PR intitulado 'devenv' faz com que um redirect voltado ao cliente seja revisado por quem está olhando outra coisa. São 106 das 942 linhas salváveis (11%) e nenhuma é a feature.
crates/corelink-container/Cargo.toml	DESCARTAR	adds a corelink-gc dependency consumed only by the archived gc_worker/, and splices a stray Wave-15.3 comment into an unrelated doc block; travels back with the archive, not to main
crates/corelink-container/src/gc_worker/d1_ac_reference_index.rs	ARQUIVAR	one of 13 files, 2222 lines total, that no mod statement declares (grep over crates/corelink-container/src/*.rs finds gc_worker only inside the directory itself) — dead on arrival, but this commit is its ONLY copy; tag it, do not merge, do not delete
crates/corelink-container/src/gc_worker/d1_blob_meta_purge_store.rs	ARQUIVAR	one of 13 files, 2222 lines total, that no mod statement declares (grep over crates/corelink-container/src/*.rs finds gc_worker only inside the directory itself) — dead on arrival, but this commit is its ONLY copy; tag it, do not merge, do not delete
crates/corelink-container/src/gc_worker/d1_blob_meta_refcount_store.rs	ARQUIVAR	one of 13 files, 2222 lines total, that no mod statement declares (grep over crates/corelink-container/src/*.rs finds gc_worker only inside the directory itself) — dead on arrival, but this commit is its ONLY copy; tag it, do not merge, do not delete
crates/corelink-container/src/gc_worker/d1_blob_meta_store.rs	ARQUIVAR	one of 13 files, 2222 lines total, that no mod statement declares (grep over crates/corelink-container/src/*.rs finds gc_worker only inside the directory itself) — dead on arrival, but this commit is its ONLY copy; tag it, do not merge, do not delete
crates/corelink-container/src/gc_worker/d1_gc_candidates_store.rs	ARQUIVAR	one of 13 files, 2222 lines total, that no mod statement declares (grep over crates/corelink-container/src/*.rs finds gc_worker only inside the directory itself) — dead on arrival, but this commit is its ONLY copy; tag it, do not merge, do not delete
crates/corelink-container/src/gc_worker/d1_gc_run_store.rs	ARQUIVAR	one of 13 files, 2222 lines total, that no mod statement declares (grep over crates/corelink-container/src/*.rs finds gc_worker only inside the directory itself) — dead on arrival, but this commit is its ONLY copy; tag it, do not merge, do not delete
crates/corelink-container/src/gc_worker/d1_reachable_set_source.rs	ARQUIVAR	one of 13 files, 2222 lines total, that no mod statement declares (grep over crates/corelink-container/src/*.rs finds gc_worker only inside the directory itself) — dead on arrival, but this commit is its ONLY copy; tag it, do not merge, do not delete
crates/corelink-container/src/gc_worker/d1_refcount_source.rs	ARQUIVAR	one of 13 files, 2222 lines total, that no mod statement declares (grep over crates/corelink-container/src/*.rs finds gc_worker only inside the directory itself) — dead on arrival, but this commit is its ONLY copy; tag it, do not merge, do not delete
crates/corelink-container/src/gc_worker/mod.rs	ARQUIVAR	one of 13 files, 2222 lines total, that no mod statement declares (grep over crates/corelink-container/src/*.rs finds gc_worker only inside the directory itself) — dead on arrival, but this commit is its ONLY copy; tag it, do not merge, do not delete
crates/corelink-container/src/gc_worker/r2_delete_impl.rs	ARQUIVAR	one of 13 files, 2222 lines total, that no mod statement declares (grep over crates/corelink-container/src/*.rs finds gc_worker only inside the directory itself) — dead on arrival, but this commit is its ONLY copy; tag it, do not merge, do not delete
crates/corelink-container/src/gc_worker/real_gc_worker.rs	ARQUIVAR	one of 13 files, 2222 lines total, that no mod statement declares (grep over crates/corelink-container/src/*.rs finds gc_worker only inside the directory itself) — dead on arrival, but this commit is its ONLY copy; tag it, do not merge, do not delete
crates/corelink-container/src/gc_worker/real_physical_delete_phase.rs	ARQUIVAR	one of 13 files, 2222 lines total, that no mod statement declares (grep over crates/corelink-container/src/*.rs finds gc_worker only inside the directory itself) — dead on arrival, but this commit is its ONLY copy; tag it, do not merge, do not delete
crates/corelink-container/src/gc_worker/real_reconcile_phase.rs	ARQUIVAR	one of 13 files, 2222 lines total, that no mod statement declares (grep over crates/corelink-container/src/*.rs finds gc_worker only inside the directory itself) — dead on arrival, but this commit is its ONLY copy; tag it, do not merge, do not delete
crates/corelink-container/src/main.rs	DESCARTAR	commit 0a5e3349: pushes 5 ERASURE_ATTESTATION_*/R2_AUDIT_BUCKET vars into the boot `missing` list that drives std::process::exit(1); none are set in prod, so the container would never boot
docs/campaigns/devenv/BRIEFING.md	ARQUIVAR	campaign briefing/audit record (1590 lines across 6 files); the audit history is worth keeping but is not shippable documentation
docs/campaigns/devenv/DEVENV_GEMINI_AUDIT.md	ARQUIVAR	campaign briefing/audit record (1590 lines across 6 files); the audit history is worth keeping but is not shippable documentation
docs/campaigns/devenv/DEVENV_M3_AUDIT.md	ARQUIVAR	campaign briefing/audit record (1590 lines across 6 files); the audit history is worth keeping but is not shippable documentation
docs/campaigns/devenv/REVIEW_BRIEFING_Iter1.md	ARQUIVAR	campaign briefing/audit record (1590 lines across 6 files); the audit history is worth keeping but is not shippable documentation
docs/campaigns/devenv/REVIEW_BRIEFING_Iter2.md	ARQUIVAR	campaign briefing/audit record (1590 lines across 6 files); the audit history is worth keeping but is not shippable documentation
docs/campaigns/devenv/REVIEW_BRIEFING_Iter3_FINAL.md	ARQUIVAR	campaign briefing/audit record (1590 lines across 6 files); the audit history is worth keeping but is not shippable documentation
docs/campaigns/devenv/wps/REVIEW_WP-01_Iter1.md	DESCARTAR	one of 43 per-iteration review transcripts, 9846 lines of process exhaust superseded by its own _FINAL sibling and by the two independent audits
docs/campaigns/devenv/wps/REVIEW_WP-01_Iter2.md	DESCARTAR	one of 43 per-iteration review transcripts, 9846 lines of process exhaust superseded by its own _FINAL sibling and by the two independent audits
docs/campaigns/devenv/wps/REVIEW_WP-01_Iter3.md	DESCARTAR	one of 43 per-iteration review transcripts, 9846 lines of process exhaust superseded by its own _FINAL sibling and by the two independent audits
docs/campaigns/devenv/wps/REVIEW_WP-01_Iter4_FINAL.md	ARQUIVAR	terminal review verdict, sole copy (absent from origin/main) — archive alongside the WP-* design specs. The previous reason ('superseded by its own _FINAL sibling') refuted itself: these ARE the _FINAL siblings.
docs/campaigns/devenv/wps/REVIEW_WP-01_Iter5_FINAL.md	ARQUIVAR	terminal review verdict, sole copy (absent from origin/main) — archive alongside the WP-* design specs. The previous reason ('superseded by its own _FINAL sibling') refuted itself: these ARE the _FINAL siblings.
docs/campaigns/devenv/wps/REVIEW_WP-02_Iter1.md	DESCARTAR	one of 43 per-iteration review transcripts, 9846 lines of process exhaust superseded by its own _FINAL sibling and by the two independent audits
docs/campaigns/devenv/wps/REVIEW_WP-02_Iter2.md	DESCARTAR	one of 43 per-iteration review transcripts, 9846 lines of process exhaust superseded by its own _FINAL sibling and by the two independent audits
docs/campaigns/devenv/wps/REVIEW_WP-02_Iter3.md	DESCARTAR	one of 43 per-iteration review transcripts, 9846 lines of process exhaust superseded by its own _FINAL sibling and by the two independent audits
docs/campaigns/devenv/wps/REVIEW_WP-02_Iter4.md	DESCARTAR	one of 43 per-iteration review transcripts, 9846 lines of process exhaust superseded by its own _FINAL sibling and by the two independent audits
docs/campaigns/devenv/wps/REVIEW_WP-02_Iter5_FINAL.md	ARQUIVAR	terminal review verdict, sole copy (absent from origin/main) — archive alongside the WP-* design specs. The previous reason ('superseded by its own _FINAL sibling') refuted itself: these ARE the _FINAL siblings.
docs/campaigns/devenv/wps/REVIEW_WP-03_Iter1.md	DESCARTAR	one of 43 per-iteration review transcripts, 9846 lines of process exhaust superseded by its own _FINAL sibling and by the two independent audits
docs/campaigns/devenv/wps/REVIEW_WP-03_Iter2.md	DESCARTAR	one of 43 per-iteration review transcripts, 9846 lines of process exhaust superseded by its own _FINAL sibling and by the two independent audits
docs/campaigns/devenv/wps/REVIEW_WP-03_Iter3.md	DESCARTAR	one of 43 per-iteration review transcripts, 9846 lines of process exhaust superseded by its own _FINAL sibling and by the two independent audits
docs/campaigns/devenv/wps/REVIEW_WP-03_Iter4_FINAL.md	ARQUIVAR	terminal review verdict, sole copy (absent from origin/main) — archive alongside the WP-* design specs. The previous reason ('superseded by its own _FINAL sibling') refuted itself: these ARE the _FINAL siblings.
docs/campaigns/devenv/wps/REVIEW_WP-04_Iter1.md	DESCARTAR	one of 43 per-iteration review transcripts, 9846 lines of process exhaust superseded by its own _FINAL sibling and by the two independent audits
docs/campaigns/devenv/wps/REVIEW_WP-04_Iter2.md	DESCARTAR	one of 43 per-iteration review transcripts, 9846 lines of process exhaust superseded by its own _FINAL sibling and by the two independent audits
docs/campaigns/devenv/wps/REVIEW_WP-04_Iter3.md	DESCARTAR	one of 43 per-iteration review transcripts, 9846 lines of process exhaust superseded by its own _FINAL sibling and by the two independent audits
docs/campaigns/devenv/wps/REVIEW_WP-04_Iter4_FINAL.md	ARQUIVAR	terminal review verdict, sole copy (absent from origin/main) — archive alongside the WP-* design specs. The previous reason ('superseded by its own _FINAL sibling') refuted itself: these ARE the _FINAL siblings.
docs/campaigns/devenv/wps/REVIEW_WP-05_Iter1.md	DESCARTAR	one of 43 per-iteration review transcripts, 9846 lines of process exhaust superseded by its own _FINAL sibling and by the two independent audits
docs/campaigns/devenv/wps/REVIEW_WP-05_Iter2.md	DESCARTAR	one of 43 per-iteration review transcripts, 9846 lines of process exhaust superseded by its own _FINAL sibling and by the two independent audits
docs/campaigns/devenv/wps/REVIEW_WP-05_Iter3.md	DESCARTAR	one of 43 per-iteration review transcripts, 9846 lines of process exhaust superseded by its own _FINAL sibling and by the two independent audits
docs/campaigns/devenv/wps/REVIEW_WP-05_Iter4_FINAL.md	ARQUIVAR	terminal review verdict, sole copy (absent from origin/main) — archive alongside the WP-* design specs. The previous reason ('superseded by its own _FINAL sibling') refuted itself: these ARE the _FINAL siblings.
docs/campaigns/devenv/wps/REVIEW_WP-06_Iter1.md	DESCARTAR	one of 43 per-iteration review transcripts, 9846 lines of process exhaust superseded by its own _FINAL sibling and by the two independent audits
docs/campaigns/devenv/wps/REVIEW_WP-06_Iter2.md	DESCARTAR	one of 43 per-iteration review transcripts, 9846 lines of process exhaust superseded by its own _FINAL sibling and by the two independent audits
docs/campaigns/devenv/wps/REVIEW_WP-06_Iter3.md	DESCARTAR	one of 43 per-iteration review transcripts, 9846 lines of process exhaust superseded by its own _FINAL sibling and by the two independent audits
docs/campaigns/devenv/wps/REVIEW_WP-06_Iter4_FINAL.md	ARQUIVAR	terminal review verdict, sole copy (absent from origin/main) — archive alongside the WP-* design specs. The previous reason ('superseded by its own _FINAL sibling') refuted itself: these ARE the _FINAL siblings.
docs/campaigns/devenv/wps/REVIEW_WP-07_Iter1.md	DESCARTAR	one of 43 per-iteration review transcripts, 9846 lines of process exhaust superseded by its own _FINAL sibling and by the two independent audits
docs/campaigns/devenv/wps/REVIEW_WP-07_Iter2.md	DESCARTAR	one of 43 per-iteration review transcripts, 9846 lines of process exhaust superseded by its own _FINAL sibling and by the two independent audits
docs/campaigns/devenv/wps/REVIEW_WP-07_Iter3.md	DESCARTAR	one of 43 per-iteration review transcripts, 9846 lines of process exhaust superseded by its own _FINAL sibling and by the two independent audits
docs/campaigns/devenv/wps/REVIEW_WP-07_Iter4_FINAL.md	ARQUIVAR	terminal review verdict, sole copy (absent from origin/main) — archive alongside the WP-* design specs. The previous reason ('superseded by its own _FINAL sibling') refuted itself: these ARE the _FINAL siblings.
docs/campaigns/devenv/wps/REVIEW_WP-08_Iter1.md	DESCARTAR	one of 43 per-iteration review transcripts, 9846 lines of process exhaust superseded by its own _FINAL sibling and by the two independent audits
docs/campaigns/devenv/wps/REVIEW_WP-08_Iter2.md	DESCARTAR	one of 43 per-iteration review transcripts, 9846 lines of process exhaust superseded by its own _FINAL sibling and by the two independent audits
docs/campaigns/devenv/wps/REVIEW_WP-08_Iter3.md	DESCARTAR	one of 43 per-iteration review transcripts, 9846 lines of process exhaust superseded by its own _FINAL sibling and by the two independent audits
docs/campaigns/devenv/wps/REVIEW_WP-08_Iter4_FINAL.md	ARQUIVAR	terminal review verdict, sole copy (absent from origin/main) — archive alongside the WP-* design specs. The previous reason ('superseded by its own _FINAL sibling') refuted itself: these ARE the _FINAL siblings.
docs/campaigns/devenv/wps/REVIEW_WP-09_Iter1.md	DESCARTAR	one of 43 per-iteration review transcripts, 9846 lines of process exhaust superseded by its own _FINAL sibling and by the two independent audits
docs/campaigns/devenv/wps/REVIEW_WP-09_Iter2.md	DESCARTAR	one of 43 per-iteration review transcripts, 9846 lines of process exhaust superseded by its own _FINAL sibling and by the two independent audits
docs/campaigns/devenv/wps/REVIEW_WP-09_Iter3.md	DESCARTAR	one of 43 per-iteration review transcripts, 9846 lines of process exhaust superseded by its own _FINAL sibling and by the two independent audits
docs/campaigns/devenv/wps/REVIEW_WP-09_Iter4_FINAL.md	ARQUIVAR	terminal review verdict, sole copy (absent from origin/main) — archive alongside the WP-* design specs. The previous reason ('superseded by its own _FINAL sibling') refuted itself: these ARE the _FINAL siblings.
docs/campaigns/devenv/wps/REVIEW_WP-10_Iter1.md	DESCARTAR	one of 43 per-iteration review transcripts, 9846 lines of process exhaust superseded by its own _FINAL sibling and by the two independent audits
docs/campaigns/devenv/wps/REVIEW_WP-10_Iter2.md	DESCARTAR	one of 43 per-iteration review transcripts, 9846 lines of process exhaust superseded by its own _FINAL sibling and by the two independent audits
docs/campaigns/devenv/wps/REVIEW_WP-10_Iter3.md	DESCARTAR	one of 43 per-iteration review transcripts, 9846 lines of process exhaust superseded by its own _FINAL sibling and by the two independent audits
docs/campaigns/devenv/wps/REVIEW_WP-10_Iter4.md	DESCARTAR	one of 43 per-iteration review transcripts, 9846 lines of process exhaust superseded by its own _FINAL sibling and by the two independent audits
docs/campaigns/devenv/wps/REVIEW_WP-10_Iter5_FINAL.md	ARQUIVAR	terminal review verdict, sole copy (absent from origin/main) — archive alongside the WP-* design specs. The previous reason ('superseded by its own _FINAL sibling') refuted itself: these ARE the _FINAL siblings.
docs/campaigns/devenv/wps/WP-01_RunnerDevEnvDO_Skeleton.md	ARQUIVAR	one of 10 WP design specs (9295 lines) — the only written design record for the feature being re-cut; keep it reachable, but do not merge design docs ahead of the code
docs/campaigns/devenv/wps/WP-02_Dockerfile_runnner_devenv.md	ARQUIVAR	one of 10 WP design specs (9295 lines) — the only written design record for the feature being re-cut; keep it reachable, but do not merge design docs ahead of the code
docs/campaigns/devenv/wps/WP-03_Entrypoint_Supervisord.md	ARQUIVAR	one of 10 WP design specs (9295 lines) — the only written design record for the feature being re-cut; keep it reachable, but do not merge design docs ahead of the code
docs/campaigns/devenv/wps/WP-04_clw_Integration.md	ARQUIVAR	one of 10 WP design specs (9295 lines) — the only written design record for the feature being re-cut; keep it reachable, but do not merge design docs ahead of the code
docs/campaigns/devenv/wps/WP-05_WebSocket_Proxy.md	ARQUIVAR	one of 10 WP design specs (9295 lines) — the only written design record for the feature being re-cut; keep it reachable, but do not merge design docs ahead of the code
docs/campaigns/devenv/wps/WP-06_DO_Lifecycle.md	ARQUIVAR	one of 10 WP design specs (9295 lines) — the only written design record for the feature being re-cut; keep it reachable, but do not merge design docs ahead of the code
docs/campaigns/devenv/wps/WP-07_Billing_Metering.md	ARQUIVAR	one of 10 WP design specs (9295 lines) — the only written design record for the feature being re-cut; keep it reachable, but do not merge design docs ahead of the code
docs/campaigns/devenv/wps/WP-08_Worker_Ingress_Routes.md	ARQUIVAR	one of 10 WP design specs (9295 lines) — the only written design record for the feature being re-cut; keep it reachable, but do not merge design docs ahead of the code
docs/campaigns/devenv/wps/WP-09_Dashboard_UI.md	ARQUIVAR	one of 10 WP design specs (9295 lines) — the only written design record for the feature being re-cut; keep it reachable, but do not merge design docs ahead of the code
docs/campaigns/devenv/wps/WP-10_Dogfood_Testing_Docs.md	ARQUIVAR	one of 10 WP design specs (9295 lines) — the only written design record for the feature being re-cut; keep it reachable, but do not merge design docs ahead of the code
docs/devenv/cli-reference.md	ARQUIVAR	doc_status ACTIVE user guide promising clw devenv start, snapshots and 30-min hibernation for a feature that does not ship; merging it is a false capability claim — hold until the route is live
docs/devenv/concepts.md	ARQUIVAR	doc_status ACTIVE user guide promising clw devenv start, snapshots and 30-min hibernation for a feature that does not ship; merging it is a false capability claim — hold until the route is live
docs/devenv/connections.md	ARQUIVAR	doc_status ACTIVE user guide promising clw devenv start, snapshots and 30-min hibernation for a feature that does not ship; merging it is a false capability claim — hold until the route is live
docs/devenv/dashboard-guide.md	ARQUIVAR	doc_status ACTIVE user guide promising clw devenv start, snapshots and 30-min hibernation for a feature that does not ship; merging it is a false capability claim — hold until the route is live
docs/devenv/faq.md	ARQUIVAR	doc_status ACTIVE user guide promising clw devenv start, snapshots and 30-min hibernation for a feature that does not ship; merging it is a false capability claim — hold until the route is live
docs/devenv/limits.md	ARQUIVAR	doc_status ACTIVE user guide promising clw devenv start, snapshots and 30-min hibernation for a feature that does not ship; merging it is a false capability claim — hold until the route is live
docs/devenv/quickstart.md	ARQUIVAR	doc_status ACTIVE user guide promising clw devenv start, snapshots and 30-min hibernation for a feature that does not ship; merging it is a false capability claim — hold until the route is live
docs/devenv/resizing.md	ARQUIVAR	doc_status ACTIVE user guide promising clw devenv start, snapshots and 30-min hibernation for a feature that does not ship; merging it is a false capability claim — hold until the route is live
docs/devenv/snapshots.md	ARQUIVAR	doc_status ACTIVE user guide promising clw devenv start, snapshots and 30-min hibernation for a feature that does not ship; merging it is a false capability claim — hold until the route is live
docs/devenv/troubleshooting.md	ARQUIVAR	doc_status ACTIVE user guide promising clw devenv start, snapshots and 30-min hibernation for a feature that does not ship; merging it is a false capability claim — hold until the route is live
docs/internal/secrets-checklist.md	DESCARTAR	reverts the secrets registry: PR head 219 pipe-rows vs origin/main 256 — a delta of 37 rows removed, including entries main already carries (CORELINK_SCCACHE_TOKEN, R2_AUDIT_BUCKET).
migrations/d1/0094_devenv_monthly_vcpu.sql	SALVAR	the vCPU meter table. TWO conditions, both blocking: (1) renumber 0094 -> 0106 (0094 collides with 0094_runner_usage_counter.sql; main tops at 0105); (2) in the SAME PR register devenv_monthly_vcpu in ALL_TENANT_KEYED_TABLES and classify it erase-vs-retain per ADR-S11-013 — adapter_d1.rs:700 every_migrated_tenant_keyed_table_is_classified walks migrations/d1 and fails any unclassified tenant-keyed table. This exact table was the phantom that split an Art.17 erasure in half; main removed it and installed BOTH directions of the gate.
specs/_runbooks/RB-DEVENV-BILLING-DISCREPANCY.md	ARQUIVAR	SRE runbook for an undeployed service; it also enters the validate_specs.py corpus, so merging 7 of them shifts the frozen 473/11 counts
specs/_runbooks/RB-DEVENV-DISASTER-RECOVERY.md	ARQUIVAR	SRE runbook for an undeployed service; it also enters the validate_specs.py corpus, so merging 7 of them shifts the frozen 473/11 counts
specs/_runbooks/RB-DEVENV-QUOTA-EXCEEDED.md	ARQUIVAR	SRE runbook for an undeployed service; it also enters the validate_specs.py corpus, so merging 7 of them shifts the frozen 473/11 counts
specs/_runbooks/RB-DEVENV-SNAPSHOT-CORRUPTION.md	ARQUIVAR	SRE runbook for an undeployed service; it also enters the validate_specs.py corpus, so merging 7 of them shifts the frozen 473/11 counts
specs/_runbooks/RB-DEVENV-STUCK-STARTING.md	ARQUIVAR	SRE runbook for an undeployed service; it also enters the validate_specs.py corpus, so merging 7 of them shifts the frozen 473/11 counts
specs/_runbooks/RB-DEVENV-WEBSOCKET-CONNECTION-FAILS.md	ARQUIVAR	SRE runbook for an undeployed service; it also enters the validate_specs.py corpus, so merging 7 of them shifts the frozen 473/11 counts
specs/_runbooks/RB-DEVENV-WONT-STOP.md	ARQUIVAR	SRE runbook for an undeployed service; it also enters the validate_specs.py corpus, so merging 7 of them shifts the frozen 473/11 counts
tests/load/k6/scenarios/devenv-concurrent.js	ARQUIVAR	152-line k6 scenario for a service that is not deployed; preserve with the campaign record and land it with the feature
worker/src/index.ts	SALVAR	the actual ingress: devenv_v1 + openapi route kinds, dual Clerk/PAT auth, stripClientTrustHeaders before forwarding to RUNNER_DEVENV_DO (+116/-1); drop the unrelated undefined->null hunk at the replication-coordinator body
worker/src/lib/devenv_guard.ts	SALVAR	the only quota seam, but a FAIL-OPEN STUB: it SELECTs max_concurrency and max_vcpu_h and uses NEITHER, checks only install_status==='suspended', and a bare catch{} falls through to allowed:true — needs a real guard reading devenv_monthly_vcpu before it ships
worker/src/lib/openapi_devenv.ts	SALVAR	273-line OpenAPI 3.1 spec served at /openapi.json, but it declares vnc_url/tty_url/code_url REQUIRED while neither the client type nor the DO returns them — reconcile the contract before publishing
worker/src/lib/quota.ts	DESCARTAR	+237/-44 refactor of the billing/storage-cap gate, unrelated to devenv and shipped with no worker test in this PR; re-cut on main with a revert-red test
worker/src/replication_coordinator_do.ts	DESCARTAR	+37/-21 behaviour-neutral split of runTick/handleReplRoute, unrelated to devenv and untested here; re-cut separately
wrangler.toml	SALVAR	HUNK-LEVEL ONLY: take the c98ca0f4 RUNNER_DEVENV_DO binding and NOTHING from 0a5e3349 (plaintext Ed25519 seed as non-secret prod var, AUDIT_BUCKET binding, SIX prod crons — three top-level plus three in a new [env.prod.triggers]). CRITICAL: durable_objects and vars are NON-INHERITABLE in wrangler — main mirrors 6 top-level bindings to 6 in env.prod, and RUNNER_DEVENV_DO is the ONE binding the PR leaves unmirrored. Taking the top-level hunk alone ships DevEnv green in dev and permanently 503 in prod (worker/src/index.ts:2539), with CustomerNav.tsx linking users to it. MUST also add it to [[env.prod.durable_objects.bindings]]. CORELINK_API_BASE: drop it — no code in worker/src reads it; its consumers are signup-worker and admin-ui, which carry their own configs.
